<annotation>
	<folder></folder>
	<filename>27_jpg.rf.b449ef016ecd13938b82e6d2d5bd572c.jpg</filename>
	<path>27_jpg.rf.b449ef016ecd13938b82e6d2d5bd572c.jpg</path>
	<source>
		<database>roboflow.com</database>
	</source>
	<size>
		<width>528</width>
		<height>396</height>
		<depth>3</depth>
	</size>
	<segmented>0</segmented>
	<object>
		<name>plate</name>
		<pose>Unspecified</pose>
		<truncated>0</truncated>
		<difficult>0</difficult>
		<occluded>0</occluded>
		<bndbox>
			<xmin>210</xmin>
			<xmax>328</xmax>
			<ymin>289</ymin>
			<ymax>315</ymax>
		</bndbox>
	</object>
</annotation>
